"0","tabela_classes_apresentacao <- tabela_classes |>"
"0","  mutate("
"0","    intervalo = paste0("
"0","      ""["","
"0","      limite_inferior,"
"0","      ""; "","
"0","      limite_superior,"
"0","      "")"""
"0","    ),"
"0","    fr = round(fr, 4),"
"0","    `Percentual (%)` = round(percentual, 2),"
"0","    `Fr acumulada` = round(Fr, 4)"
"0","  ) |>"
"0","  select("
"0","    intervalo,"
"0","    ponto_medio,"
"0","    fi,"
"0","    fr,"
"0","    `Percentual (%)`,"
"0","    Fi,"
"0","    `Fr acumulada`"
"0","  )"
"2","Error in select(mutate(tabela_classes, intervalo = paste0(""["", limite_inferior,  : 
  não foi possível encontrar a função ""select""
"
