"0","
res<-fdt(dados$tempo_deslocamento_min, start = 11,end=113,h=17)
res
"
"1",""
"1"," Class limits"
"1","  f"
"1","   rf"
"1"," rf(%)"
"1"," cf"
"1","  cf(%)"
"1","
"
"1","      [11,28)"
"1"," 27"
"1"," 0.34"
"1"," 33.75"
"1"," 27"
"1","  33.75"
"1","
"
"1","      [28,45)"
"1"," 23"
"1"," 0.29"
"1"," 28.75"
"1"," 50"
"1","  62.50"
"1","
"
"1","      [45,62)"
"1"," 17"
"1"," 0.21"
"1"," 21.25"
"1"," 67"
"1","  83.75"
"1","
"
"1","      [62,79)"
"1","  9"
"1"," 0.11"
"1"," 11.25"
"1"," 76"
"1","  95.00"
"1","
"
"1","      [79,96)"
"1","  1"
"1"," 0.01"
"1","  1.25"
"1"," 77"
"1","  96.25"
"1","
"
"1","     [96,113)"
"1","  3"
"1"," 0.04"
"1","  3.75"
"1"," 80"
"1"," 100.00"
"1","
"
